{"type": "block", "layer": 0, "block": 2, "features": [{"geom": {"pts": [[31.242460614372845, 7.359444995597688, 0.0]], "r": 0.0, "d": 0, "dd": 0}, "mtl": 0, "prop": ["node/7864489323", "node/7864489323", "881", "Skúmhöttur", "peak", "NULL", "NULL", "NULL"], "lh": 3.1834512438178657}, {"geom": {"pts": [[34.212406598666455, 20.214114639263435, 0.0]], "r": 0.0, "d": 0, "dd": 0}, "mtl": 0, "prop": ["node/7864615363", "node/7864615363", "NULL", "Sandfell", "peak", "NULL", "NULL", "NULL"], "lh": 3.1834512438178657}], "featureCount": 2}